/*
Navicat MySQL Data Transfer

Source Server         : MyTest
Source Server Version : 50704
Source Host           : localhost:3306
Source Database       : bankerp

Target Server Type    : MYSQL
Target Server Version : 50704
File Encoding         : 65001

Date: 2016-08-25 17:10:52
*/

SET FOREIGN_KEY_CHECKS=0;

-- ----------------------------
-- Table structure for `account`
-- ----------------------------
DROP TABLE IF EXISTS `account`;
CREATE TABLE `account` (
  `ac_id` int(11) NOT NULL AUTO_INCREMENT,
  `ac_number` varchar(19) NOT NULL,
  `ac_password` varchar(20) NOT NULL,
  `cus_id` int(11) NOT NULL,
  `ac_currency` varchar(20) DEFAULT NULL,
  `ac_balance` decimal(16,2) DEFAULT NULL,
  `ac_create_time` datetime DEFAULT NULL,
  `ac_create_address` varchar(50) DEFAULT NULL,
  `ac_state` bit(1) DEFAULT NULL,
  `t_id` int(11) DEFAULT NULL,
  `is_delete` bit(1) DEFAULT NULL,
  PRIMARY KEY (`ac_id`)
) ENGINE=InnoDB AUTO_INCREMENT=41 DEFAULT CHARSET=utf8;

-- ----------------------------
-- Records of account
-- ----------------------------
INSERT INTO `account` VALUES ('24', '6226020160815000953', '49ba59abbe56e057', '20160812', 'CNY', '4878000.00', '2016-07-15 00:10:06', '广东省深圳市', '', '5', '');
INSERT INTO `account` VALUES ('25', '6226020160815001012', '49ba59abbe56e057', '20160812', 'CNY', '51000.00', '2016-08-15 00:10:21', '广东省深圳市', '', '5', '');
INSERT INTO `account` VALUES ('26', '6226020160815001028', '49ba59abbe56e057', '20160812', 'CNY', '7000.00', '2016-08-15 00:10:36', '广东省深圳市', '', '5', '');
INSERT INTO `account` VALUES ('27', '6226020160815094001', '49ba59abbe56e057', '20160812', 'CNY', '0.00', '2016-08-15 09:40:09', '广东省深圳市', '', '5', '');
INSERT INTO `account` VALUES ('28', '6226020160815094037', '49ba59abbe56e057', '20160812', 'CNY', '0.00', '2016-08-15 09:40:44', '广东省深圳市', '', '5', '');
INSERT INTO `account` VALUES ('29', '6226020160815094049', '49ba59abbe56e057', '20160812', 'CNY', '999744.00', '2016-08-15 09:40:56', '广东省深圳市', '', '5', '');
INSERT INTO `account` VALUES ('30', '6226020160815094108', '49ba59abbe56e057', '20160812', 'CNY', '0.00', '2016-08-15 09:41:16', '广东省深圳市', '', '5', '');
INSERT INTO `account` VALUES ('31', '6226020160815094125', '49ba59abbe56e057', '20160812', 'CNY', '988.00', '2016-08-15 09:41:33', '广东省深圳市', '', '5', '');
INSERT INTO `account` VALUES ('32', '6226020160815094956', '49ba59abbe56e057', '20160813', 'CNY', '0.00', '2016-08-15 09:50:04', '广东省深圳市', '', '5', '');
INSERT INTO `account` VALUES ('33', '6226020160815095009', '49ba59abbe56e057', '20160813', 'CNY', '100.00', '2016-08-15 09:50:16', '广东省深圳市', '', '5', '');
INSERT INTO `account` VALUES ('34', '6226020160815095020', '49ba59abbe56e057', '20160813', 'CNY', '389673.00', '2016-08-15 09:50:33', '广东省深圳市', '', '5', '');
INSERT INTO `account` VALUES ('35', '6226020160815095038', '49ba59abbe56e057', '20160813', 'CNY', '5544.00', '2016-08-15 09:50:45', '广东省深圳市', '', '5', '');
INSERT INTO `account` VALUES ('36', '6226020160815095052', '49ba59abbe56e057', '20160813', 'CNY', '1621.00', '2016-08-22 09:50:58', '广东省深圳市', '', '5', '');
INSERT INTO `account` VALUES ('37', '6226020160815110237', '49ba59abbe56e057', '20160812', 'CNY', '60000.00', '2016-08-22 11:02:55', '广东省深圳市', '', '5', '');
INSERT INTO `account` VALUES ('38', '6226020160815113109', '49ba59abbe56e057', '20160815', 'CNY', '566600000.00', '2016-08-22 11:31:17', '广东省深圳市', '', '5', '');
INSERT INTO `account` VALUES ('39', '6226020160817155347', '13955235245b2497', '20160818', 'CNY', '0.00', '2016-08-22 15:53:50', '广东省深圳市', '', '6', '');
INSERT INTO `account` VALUES ('40', '6226020160817155357', '13955235245b2497', '20160818', 'CNY', '0.00', '2016-08-22 15:53:59', '广东省深圳市', '', '6', '');

-- ----------------------------
-- Table structure for `authority`
-- ----------------------------
DROP TABLE IF EXISTS `authority`;
CREATE TABLE `authority` (
  `aut_id` int(11) NOT NULL AUTO_INCREMENT,
  `aut_content` varchar(10) DEFAULT NULL,
  `is_delete` bit(1) DEFAULT NULL,
  PRIMARY KEY (`aut_id`)
) ENGINE=InnoDB AUTO_INCREMENT=4 DEFAULT CHARSET=utf8;

-- ----------------------------
-- Records of authority
-- ----------------------------
INSERT INTO `authority` VALUES ('1', '柜员', '');
INSERT INTO `authority` VALUES ('2', '主管', '');
INSERT INTO `authority` VALUES ('3', '经理', '');

-- ----------------------------
-- Table structure for `customer`
-- ----------------------------
DROP TABLE IF EXISTS `customer`;
CREATE TABLE `customer` (
  `cus_id` int(11) NOT NULL AUTO_INCREMENT,
  `cus_name` varchar(10) NOT NULL,
  `cus_password` varchar(18) NOT NULL,
  `cus_phone` varchar(12) DEFAULT NULL,
  `cus_idcard` varchar(18) NOT NULL,
  `cus_email` varchar(50) DEFAULT NULL,
  `cus_address` varchar(50) DEFAULT NULL,
  `cus_state` bit(1) DEFAULT NULL,
  `cus_create_time` datetime DEFAULT NULL,
  `cus_login_time` datetime DEFAULT NULL,
  `t_id` int(11) DEFAULT NULL,
  `is_delete` bit(1) DEFAULT NULL,
  PRIMARY KEY (`cus_id`)
) ENGINE=InnoDB AUTO_INCREMENT=20160819 DEFAULT CHARSET=utf8;

-- ----------------------------
-- Records of customer
-- ----------------------------
INSERT INTO `customer` VALUES ('20160812', '刘奇奇', '49ba59abbe56e057', '13266873662', '360732199403045123', 'liuqiqi@163.com', '广东省深圳市', '', '2016-08-15 00:04:25', '2016-08-15 12:40:02', '5', '');
INSERT INTO `customer` VALUES ('20160813', '张关强', '49ba59abbe56e057', '13820080808', '403207199408135113', 'zhangguanqiang@163.com', '广东省深圳市', '', '2016-08-15 00:08:04', '2016-08-15 10:44:13', '5', '');
INSERT INTO `customer` VALUES ('20160814', '王向阳', '49ba59abbe56e057', '13658964785', '341224199402565489', 'wxy@163.com', '广东省深圳市', '', '2016-08-15 07:41:01', '2016-08-15 11:08:41', '5', '');
INSERT INTO `customer` VALUES ('20160815', '朱文杰', '49ba59abbe56e057', '15219956482', '360732199403045124', 'zwj@163.com', '广东省深圳市', '', '2016-08-15 11:11:49', '2016-08-15 11:31:00', '5', '');
INSERT INTO `customer` VALUES ('20160816', '苏剑丰', '49ba59abbe56e057', '15268552222', '695547852256522222', 'sjf@163.com', '广东省深圳市', '', '2016-08-15 11:16:36', '2016-08-15 11:16:36', '5', '');
INSERT INTO `customer` VALUES ('20160817', '魏国栋', '49ba59abbe56e057', '15555555555', '954741224758888787', 'wgd@163.com', '广东省深圳市', '', '2016-08-15 11:17:52', '2016-08-15 11:17:52', '5', '');
INSERT INTO `customer` VALUES ('20160818', ' 王海', '49ba59abbe56e057', '15622966165', '622826199410110014', '471819072@qq.com', '陕西省西安', '', '2016-08-17 10:41:23', '2016-08-17 15:53:14', '5', '');

-- ----------------------------
-- Table structure for `teller`
-- ----------------------------
DROP TABLE IF EXISTS `teller`;
CREATE TABLE `teller` (
  `t_id` int(11) NOT NULL AUTO_INCREMENT,
  `t_number` mediumtext NOT NULL,
  `t_name` varchar(10) NOT NULL,
  `t_password` varchar(18) NOT NULL,
  `aut_id` int(11) DEFAULT NULL,
  `t_login_time` datetime DEFAULT NULL,
  `is_delete` bit(1) DEFAULT NULL,
  PRIMARY KEY (`t_id`)
) ENGINE=InnoDB AUTO_INCREMENT=7 DEFAULT CHARSET=utf8;

-- ----------------------------
-- Records of teller
-- ----------------------------
INSERT INTO `teller` VALUES ('1', '2012546454', 'admin', '49ba59abbe56e057', '3', '2016-08-22 16:58:19', '');
INSERT INTO `teller` VALUES ('4', '2012546455', 'zgq', '49ba59abbe56e057', '2', '2016-08-17 15:49:27', '');
INSERT INTO `teller` VALUES ('5', '2012546456', 'wyj', '49ba59abbe56e057', '1', '2016-08-17 10:50:23', '');
INSERT INTO `teller` VALUES ('6', '2012546457', 'hello', '49ba59abbe56e057', '1', '2016-08-17 15:52:57', '');

-- ----------------------------
-- Table structure for `transactions`
-- ----------------------------
DROP TABLE IF EXISTS `transactions`;
CREATE TABLE `transactions` (
  `tr_id` int(11) NOT NULL AUTO_INCREMENT,
  `tr_number` varchar(20) NOT NULL,
  `ac_number` varchar(19) DEFAULT NULL,
  `cus_id` int(11) DEFAULT NULL,
  `tr_balance` decimal(19,2) DEFAULT NULL,
  `tr_time` datetime DEFAULT NULL,
  `tr_type` int(11) DEFAULT NULL,
  `tr_address` varchar(50) DEFAULT NULL,
  `is_delete` bit(1) DEFAULT NULL,
  PRIMARY KEY (`tr_id`)
) ENGINE=InnoDB AUTO_INCREMENT=88 DEFAULT CHARSET=utf8;

-- ----------------------------
-- Records of transactions
-- ----------------------------
INSERT INTO `transactions` VALUES ('34', '09531471191054187', '6226020160815000953', '20160812', '5000000.00', '2016-08-15 00:10:54', '2', '广东省深圳市', '');
INSERT INTO `transactions` VALUES ('35', '09531471191065772', '6226020160815000953', '20160812', '10000.00', '2016-08-15 00:11:05', '1', '广东省深圳市', '');
INSERT INTO `transactions` VALUES ('36', '09531471191136986', '6226020160815000953', '20160812', '54000.00', '2016-08-15 00:12:16', '1', '广东省深圳市', '');
INSERT INTO `transactions` VALUES ('37', '09531471191229510', '6226020160815000953', '20160812', '2000.00', '2016-08-15 00:13:49', '4', '广东省深圳市', '');
INSERT INTO `transactions` VALUES ('38', '09531471191229510', '6226020160815000953', '20160812', '2000.00', '2016-08-15 00:13:49', '3', '广东省深圳市', '');
INSERT INTO `transactions` VALUES ('39', '09531471191261901', '6226020160815000953', '20160812', '6000.00', '2016-08-15 00:14:21', '4', '广东省深圳市', '');
INSERT INTO `transactions` VALUES ('40', '09531471191261901', '6226020160815001012', '20160812', '6000.00', '2016-08-15 00:14:21', '3', '广东省深圳市', '');
INSERT INTO `transactions` VALUES ('41', '09531471192041844', '6226020160815000953', '20160812', '30000.00', '2016-08-15 00:27:21', '4', '广东省深圳市', '');
INSERT INTO `transactions` VALUES ('42', '09531471192041844', '6226020160815001012', '20160812', '30000.00', '2016-08-15 00:27:21', '3', '广东省深圳市', '');
INSERT INTO `transactions` VALUES ('43', '09531471192472262', '6226020160815000953', '20160812', '5000.00', '2016-08-15 00:34:32', '4', '广东省深圳市', '');
INSERT INTO `transactions` VALUES ('44', '09531471192472262', '6226020160815001012', '20160812', '5000.00', '2016-08-15 00:34:32', '3', '广东省深圳市', '');
INSERT INTO `transactions` VALUES ('45', '09531471193126790', '6226020160815000953', '20160812', '5000.00', '2016-08-15 00:45:26', '4', '广东省深圳市', '');
INSERT INTO `transactions` VALUES ('46', '09531471193126790', '6226020160815001012', '20160812', '5000.00', '2016-08-15 00:45:26', '3', '广东省深圳市', '');
INSERT INTO `transactions` VALUES ('47', '09531471193491939', '6226020160815000953', '20160812', '5000.00', '2016-08-15 00:51:31', '4', '广东省深圳市', '');
INSERT INTO `transactions` VALUES ('61', '09531471225018888', '6226020160815000953', '20160812', '1000.00', '2016-08-15 09:36:58', '4', '广东省深圳市', '');
INSERT INTO `transactions` VALUES ('62', '09531471225018888', '6226020160815001028', '20160812', '1000.00', '2016-08-15 09:36:58', '3', '广东省深圳市', '');
INSERT INTO `transactions` VALUES ('63', '40491471225315619', '6226020160815094049', '20160812', '1000000.00', '2016-08-15 09:41:55', '2', '广东省深圳市', '');
INSERT INTO `transactions` VALUES ('64', '40491471225347030', '6226020160815094049', '20160812', '256.00', '2016-08-15 09:42:27', '1', '广东省深圳市', '');
INSERT INTO `transactions` VALUES ('65', '41251471229615001', '6226020160815094125', '20160812', '222.00', '2016-08-15 10:53:35', '2', '广东省深圳市', '');
INSERT INTO `transactions` VALUES ('66', '41251471229725435', '6226020160815094125', '20160812', '100.00', '2016-08-15 10:55:25', '4', '广东省深圳市', '');
INSERT INTO `transactions` VALUES ('67', '41251471229725435', '6226020160815095009', '20160813', '100.00', '2016-08-15 10:55:25', '3', '广东省深圳市', '');
INSERT INTO `transactions` VALUES ('68', '41251471229947253', '6226020160815094125', '20160812', '250000.00', '2016-08-15 10:59:07', '2', '广东省深圳市', '');
INSERT INTO `transactions` VALUES ('69', '41251471229955822', '6226020160815094125', '20160812', '262.00', '2016-08-15 10:59:15', '1', '广东省深圳市', '');
INSERT INTO `transactions` VALUES ('70', '41251471229975002', '6226020160815094125', '20160812', '1000.00', '2016-08-15 10:59:35', '4', '广东省深圳市', '');
INSERT INTO `transactions` VALUES ('71', '41251471229975002', '6226020160815095052', '20160813', '1000.00', '2016-08-15 10:59:35', '3', '广东省深圳市', '');
INSERT INTO `transactions` VALUES ('72', '41251471229985394', '6226020160815094125', '20160812', '621.00', '2016-08-15 10:59:45', '4', '广东省深圳市', '');
INSERT INTO `transactions` VALUES ('73', '41251471229985394', '6226020160815095052', '20160813', '621.00', '2016-08-15 10:59:45', '3', '广东省深圳市', '');
INSERT INTO `transactions` VALUES ('74', '41251471229994459', '6226020160815094125', '20160812', '22.00', '2016-08-15 10:59:54', '1', '广东省深圳市', '');
INSERT INTO `transactions` VALUES ('75', '41251471230000686', '6226020160815094125', '20160812', '85000.00', '2016-08-15 11:00:00', '2', '广东省深圳市', '');
INSERT INTO `transactions` VALUES ('76', '41251471230006549', '6226020160815094125', '20160812', '62000.00', '2016-08-15 11:00:06', '2', '广东省深圳市', '');
INSERT INTO `transactions` VALUES ('77', '41251471230046438', '6226020160815094125', '20160812', '5544.00', '2016-08-15 11:00:46', '4', '广东省深圳市', '');
INSERT INTO `transactions` VALUES ('78', '41251471230046438', '6226020160815095038', '20160813', '5544.00', '2016-08-15 11:00:46', '3', '广东省深圳市', '');
INSERT INTO `transactions` VALUES ('79', '41251471230083671', '6226020160815094125', '20160812', '389673.00', '2016-08-15 11:01:23', '4', '广东省深圳市', '');
INSERT INTO `transactions` VALUES ('80', '41251471230083671', '6226020160815095020', '20160813', '389673.00', '2016-08-15 11:01:23', '3', '广东省深圳市', '');
INSERT INTO `transactions` VALUES ('81', '41251471230130214', '6226020160815094125', '20160812', '1000.00', '2016-08-15 11:02:10', '2', '广东省深圳市', '');
INSERT INTO `transactions` VALUES ('82', '41251471230148030', '6226020160815094125', '20160812', '12.00', '2016-08-15 11:02:28', '1', '广东省深圳市', '');
INSERT INTO `transactions` VALUES ('83', '31091471231887107', '6226020160815113109', '20160815', '566666666.00', '2016-08-15 11:31:27', '2', '广东省深圳市', '');
INSERT INTO `transactions` VALUES ('84', '31091471231940661', '6226020160815113109', '20160815', '5666.00', '2016-08-15 11:32:20', '1', '广东省深圳市', '');
INSERT INTO `transactions` VALUES ('85', '31091471231977741', '6226020160815113109', '20160815', '1000.00', '2016-08-15 11:32:57', '1', '广东省深圳市', '');
INSERT INTO `transactions` VALUES ('86', '31091471232042768', '6226020160815113109', '20160815', '60000.00', '2016-08-15 11:34:02', '4', '广东省深圳市', '');
INSERT INTO `transactions` VALUES ('87', '31091471232042768', '6226020160815110237', '20160812', '60000.00', '2016-08-15 11:34:02', '3', '广东省深圳市', '');

-- ----------------------------
-- Table structure for `transfer_info`
-- ----------------------------
DROP TABLE IF EXISTS `transfer_info`;
CREATE TABLE `transfer_info` (
  `ti_id` int(11) NOT NULL AUTO_INCREMENT,
  `tr_number` varchar(20) DEFAULT NULL,
  `ti_out_num` varchar(19) NOT NULL,
  `ti_in_num` varchar(19) NOT NULL,
  `ti_balance` decimal(19,2) DEFAULT NULL,
  `ti_time` datetime DEFAULT NULL,
  `ti_state` bit(1) DEFAULT NULL,
  `ti_result` varchar(50) DEFAULT NULL,
  `is_delete` bit(1) DEFAULT NULL,
  PRIMARY KEY (`ti_id`)
) ENGINE=InnoDB AUTO_INCREMENT=48 DEFAULT CHARSET=utf8;

-- ----------------------------
-- Records of transfer_info
-- ----------------------------
INSERT INTO `transfer_info` VALUES ('10', '09531471191175958', '6226020160815000953', '6226020160815001012', '60000000.00', '2016-08-15 00:12:55', '', '转账失败', '');
INSERT INTO `transfer_info` VALUES ('11', '09531471191229510', '6226020160815000953', '6226020160815000953', '2000.00', '2016-08-15 00:13:49', '', '转账成功', '');
INSERT INTO `transfer_info` VALUES ('12', '09531471191261901', '6226020160815000953', '6226020160815001012', '6000.00', '2016-08-15 00:14:21', '', '转账成功', '');
INSERT INTO `transfer_info` VALUES ('13', '09531471192041844', '6226020160815000953', '6226020160815001012', '30000.00', '2016-08-15 00:27:21', '', '转账成功', '');
INSERT INTO `transfer_info` VALUES ('14', '09531471192472262', '6226020160815000953', '6226020160815001012', '5000.00', '2016-08-15 00:34:32', '', '转账成功', '');
INSERT INTO `transfer_info` VALUES ('15', '09531471193126790', '6226020160815000953', '6226020160815001012', '5000.00', '2016-08-15 00:45:26', '', '转账成功', '');
INSERT INTO `transfer_info` VALUES ('16', '09531471193208574', '6226020160815000953', '6226020160815001012', '50000000.00', '2016-08-15 00:46:48', '', '转账失败', '');
INSERT INTO `transfer_info` VALUES ('17', '09531471193491939', '6226020160815000953', '6226020160815001012', '5000.00', '2016-08-15 00:51:31', '', '转账成功', '');
INSERT INTO `transfer_info` VALUES ('18', '09531471193702420', '6226020160815000953', '6226020160815001012', '1000.00', '2016-08-15 00:55:02', '', '转账失败', '');
INSERT INTO `transfer_info` VALUES ('19', '09531471194030984', '6226020160815000953', '6226020160815001012', '1000.00', '2016-08-15 01:00:30', '', '转账失败', '');
INSERT INTO `transfer_info` VALUES ('20', '09531471195777300', '6226020160815000953', '6226020160815001012', '1200.00', '2016-08-15 01:29:37', '', '转账失败', '');
INSERT INTO `transfer_info` VALUES ('21', '09531471195957327', '6226020160815000953', '6226020160815001012', '1000.00', '2016-08-15 01:32:37', '', '转账失败', '');
INSERT INTO `transfer_info` VALUES ('22', '09531471196070857', '6226020160815000953', '6226020160815001015', '1000.00', '2016-08-15 01:34:30', '', '转账失败', '');
INSERT INTO `transfer_info` VALUES ('23', '09531471196279262', '6226020160815000953', '6226020160815001012', '1000.00', '2016-08-15 01:38:22', '', '转账失败', '');
INSERT INTO `transfer_info` VALUES ('24', '09531471196576718', '6226020160815000953', '6226020160815001012', '2000.00', '2016-08-15 01:42:56', '', '转账失败', '');
INSERT INTO `transfer_info` VALUES ('25', '09531471196776437', '6226020160815000953', '6226020160815001012', '1000.00', '2016-08-15 01:46:16', '', '转账失败', '');
INSERT INTO `transfer_info` VALUES ('26', '09531471196806665', '6226020160815000953', '6226020160815001012', '50000000.00', '2016-08-15 01:46:46', '', '转账失败', '');
INSERT INTO `transfer_info` VALUES ('27', '09531471196848409', '6226020160815000953', '6226020160815001028', '5000.00', '2016-08-15 01:47:28', '', '转账成功', '');
INSERT INTO `transfer_info` VALUES ('28', '09531471196867014', '6226020160815000953', '6226020160815001028', '5000000.00', '2016-08-15 01:47:47', '', '转账失败', '');
INSERT INTO `transfer_info` VALUES ('38', '09531471225018888', '6226020160815000953', '6226020160815001028', '1000.00', '2016-08-15 09:36:58', '', '转账成功', '');
INSERT INTO `transfer_info` VALUES ('39', '09531471225079713', '6226020160815000953', '6226020160815001012', '1000.00', '2016-08-15 09:37:59', '', '转账失败', '');
INSERT INTO `transfer_info` VALUES ('40', '41251471229725435', '6226020160815094125', '6226020160815095009', '100.00', '2016-08-15 10:55:25', '', '转账成功', '');
INSERT INTO `transfer_info` VALUES ('41', '41251471229823948', '6226020160815094125', '6226020160815095009', '200.00', '2016-08-15 10:57:03', '', '转账失败', '');
INSERT INTO `transfer_info` VALUES ('42', '41251471229975002', '6226020160815094125', '6226020160815095052', '1000.00', '2016-08-15 10:59:35', '', '转账成功', '');
INSERT INTO `transfer_info` VALUES ('43', '41251471229985394', '6226020160815094125', '6226020160815095052', '621.00', '2016-08-15 10:59:45', '', '转账成功', '');
INSERT INTO `transfer_info` VALUES ('44', '41251471230046438', '6226020160815094125', '6226020160815095038', '5544.00', '2016-08-15 11:00:46', '', '转账成功', '');
INSERT INTO `transfer_info` VALUES ('45', '41251471230083671', '6226020160815094125', '6226020160815095020', '389673.00', '2016-08-15 11:01:23', '', '转账成功', '');
INSERT INTO `transfer_info` VALUES ('46', '41251471230105157', '6226020160815094125', '6226020160815095020', '55.00', '2016-08-15 11:01:45', '', '转账失败', '');
INSERT INTO `transfer_info` VALUES ('47', '31091471232042768', '6226020160815113109', '6226020160815110237', '60000.00', '2016-08-15 11:34:02', '', '转账成功', '');
